{
  "conditions": {
    "Exc-WC": {
      "mean": {
        "V0": -1.447285,
        "A_dV": 0.292285,
        "T_char": 2.266043,
        "C_eff": 0.029037
      },
      "std": {
        "V0": 0.012454,
        "A_dV": 0.016575,
        "T_char": 0.111231,
        "C_eff": 0.004139
      }
    },
    "Exc-SC": {
      "mean": {
        "V0": -1.066876,
        "A_dV": 0.361902,
        "T_char": 5.266515,
        "C_eff": 0.568835
      },
      "std": {
        "V0": 0.140329,
        "A_dV": 0.079312,
        "T_char": 0.981404,
        "C_eff": 0.129307
      }
    },
    "Osc-WC": {
      "mean": {
        "V0": -0.378762,
        "A_dV": 0.172004,
        "T_char": 5.477816,
        "C_eff": 0.157424
      },
      "std": {
        "V0": 0.005877,
        "A_dV": 0.058997,
        "T_char": 0.038536,
        "C_eff": 0.003001
      }
    },
    "Osc-SC": {
      "mean": {
        "V0": -0.370599,
        "A_dV": 0.043933,
        "T_char": 5.415658,
        "C_eff": 0.766138
      },
      "std": {
        "V0": 0.00138,
        "A_dV": 0.019591,
        "T_char": 0.008431,
        "C_eff": 0.009987
      }
    },
    "Bi-WC": {
      "mean": {
        "V0": 0.319828,
        "A_dV": 0.141915,
        "T_char": 4.112014,
        "C_eff": 0.079236
      },
      "std": {
        "V0": 0.007431,
        "A_dV": 0.050401,
        "T_char": 0.016855,
        "C_eff": 0.004088
      }
    },
    "Bi-SC": {
      "mean": {
        "V0": 0.310602,
        "A_dV": 0.037115,
        "T_char": 4.087916,
        "C_eff": 0.776393
      },
      "std": {
        "V0": 0.003152,
        "A_dV": 0.013681,
        "T_char": 0.003669,
        "C_eff": 0.003915
      }
    }
  },
  "fisher_rao_pooled": [
    [
      0.4343,
      -0.061244,
      0.240695,
      0.051161
    ],
    [
      -0.061244,
      0.016709,
      -0.016812,
      -0.018138
    ],
    [
      0.240695,
      -0.016812,
      1.457371,
      0.156202
    ],
    [
      0.051161,
      -0.018138,
      0.156202,
      0.104557
    ]
  ],
  "per_condition_metrics": {
    "Exc-WC": {
      "covariance": [
        [
          0.000166,
          6.4e-05,
          0.001469,
          -3.7e-05
        ],
        [
          6.4e-05,
          0.000294,
          0.000689,
          -1e-06
        ],
        [
          0.001469,
          0.000689,
          0.013256,
          -0.000324
        ],
        [
          -3.7e-05,
          -1e-06,
          -0.000324,
          1.8e-05
        ]
      ],
      "correlation": [
        [
          1.0,
          0.2891,
          0.99,
          -0.671
        ],
        [
          0.2891,
          1.0,
          0.3489,
          -0.0098
        ],
        [
          0.99,
          0.3489,
          1.0,
          -0.6563
        ],
        [
          -0.671,
          -0.0098,
          -0.6563,
          1.0
        ]
      ]
    },
    "Exc-SC": {
      "covariance": [
        [
          0.021099,
          0.010433,
          0.147197,
          -0.014616
        ],
        [
          0.010433,
          0.00674,
          0.073381,
          -0.00783
        ],
        [
          0.147197,
          0.073381,
          1.03195,
          -0.103957
        ],
        [
          -0.014616,
          -0.00783,
          -0.103957,
          0.017915
        ]
      ],
      "correlation": [
        [
          1.0,
          0.8749,
          0.9976,
          -0.7518
        ],
        [
          0.8749,
          1.0,
          0.8799,
          -0.7126
        ],
        [
          0.9976,
          0.8799,
          1.0,
          -0.7646
        ],
        [
          -0.7518,
          -0.7126,
          -0.7646,
          1.0
        ]
      ]
    },
    "Osc-WC": {
      "covariance": [
        [
          3.7e-05,
          -0.000361,
          -0.00024,
          1.1e-05
        ],
        [
          -0.000361,
          0.003729,
          0.002385,
          -0.0001
        ],
        [
          -0.00024,
          0.002385,
          0.001591,
          -7.3e-05
        ],
        [
          1.1e-05,
          -0.0001,
          -7.3e-05,
          1e-05
        ]
      ],
      "correlation": [
        [
          1.0,
          -0.9706,
          -0.9899,
          0.5669
        ],
        [
          -0.9706,
          1.0,
          0.979,
          -0.5268
        ],
        [
          -0.9899,
          0.979,
          1.0,
          -0.5894
        ],
        [
          0.5669,
          -0.5268,
          -0.5894,
          1.0
        ]
      ]
    },
    "Osc-SC": {
      "covariance": [
        [
          2e-06,
          -8e-06,
          -9e-06,
          -3e-06
        ],
        [
          -8e-06,
          0.000411,
          0.000113,
          0.000142
        ],
        [
          -9e-06,
          0.000113,
          7.6e-05,
          4.5e-05
        ],
        [
          -3e-06,
          0.000142,
          4.5e-05,
          0.000107
        ]
      ],
      "correlation": [
        [
          1.0,
          -0.2873,
          -0.7011,
          -0.2302
        ],
        [
          -0.2873,
          1.0,
          0.641,
          0.6786
        ],
        [
          -0.7011,
          0.641,
          1.0,
          0.4945
        ],
        [
          -0.2302,
          0.6786,
          0.4945,
          1.0
        ]
      ]
    },
    "Bi-WC": {
      "covariance": [
        [
          5.9e-05,
          0.000393,
          0.000132,
          2.2e-05
        ],
        [
          0.000393,
          0.002722,
          0.000899,
          0.000159
        ],
        [
          0.000132,
          0.000899,
          0.000304,
          4.9e-05
        ],
        [
          2.2e-05,
          0.000159,
          4.9e-05,
          1.8e-05
        ]
      ],
      "correlation": [
        [
          1.0,
          0.9781,
          0.9843,
          0.6656
        ],
        [
          0.9781,
          1.0,
          0.9882,
          0.7209
        ],
        [
          0.9843,
          0.9882,
          1.0,
          0.6592
        ],
        [
          0.6656,
          0.7209,
          0.6592,
          1.0
        ]
      ]
    },
    "Bi-SC": {
      "covariance": [
        [
          1.1e-05,
          1.7e-05,
          1.1e-05,
          -0.0
        ],
        [
          1.7e-05,
          0.000201,
          3e-05,
          5e-06
        ],
        [
          1.1e-05,
          3e-05,
          1.4e-05,
          -1e-06
        ],
        [
          -0.0,
          5e-06,
          -1e-06,
          1.6e-05
        ]
      ],
      "correlation": [
        [
          1.0,
          0.3679,
          0.8998,
          -0.0272
        ],
        [
          0.3679,
          1.0,
          0.5656,
          0.093
        ],
        [
          0.8998,
          0.5656,
          1.0,
          -0.0902
        ],
        [
          -0.0272,
          0.093,
          -0.0902,
          1.0
        ]
      ]
    }
  },
  "coordinate_keys": [
    "V0",
    "A_dV",
    "T_char",
    "C_eff"
  ],
  "v0_exclusion_test": {
    "closest_pair": [
      "Osc-SC",
      "Bi-SC"
    ],
    "closest_distance": 0.4142,
    "within_regime_distances": {
      "Exc": 1.2002,
      "Osc": 0.9051,
      "Bi": 0.9871
    }
  }
}